group_type,group,code,display,system,match_type
"Condition","HYPERTENSION","59621000","Essential hypertension","http://snomed.info/sct","exact"
"Condition","DIABETES","44054006","Diabetes","http://snomed.info/sct","exact"
"Condition","COPD","185086009","Chronic obstructive bronchitis(disorder)","http://snomed.info/sct","exact"
"Condition","COPD","87433001","Pulmonary emphysema(disorder)","http://snomed.info/sct","exact"
"Procedure","Medication Reconciliation","430193006","Medication Reconciliation","http://snomed.info/sct","exact"
"Medication","Anti-hypertensive medication","308136","amLODIPine 2.5 MG Oral Tablet","http://www.nlm.nih.gov/research/umls/rxnorm","exact"
"Observation","Blood pressure","85354-9","Blood Pressure Panel","http://loinc.org","exact"
"Observation","BMI","39156-5","Body Mass Index","http://loinc.org","exact"
"Condition","COPD","494",,"http://hl7.org/fhir/sid/icd-9-cm","exact"
"Condition","COPD","499",,"http://hl7.org/fhir/sid/icd-9-cm","exact"
"Condition","COPD","4910",,"http://hl7.org/fhir/sid/icd-9-cm","start"
"Condition","COPD","4911",,"http://hl7.org/fhir/sid/icd-9-cm","start"
"Condition","COPD","4918",,"http://hl7.org/fhir/sid/icd-9-cm","start"
"Condition","COPD","4919",,"http://hl7.org/fhir/sid/icd-9-cm","start"
"Condition","COPD","4920",,"http://hl7.org/fhir/sid/icd-9-cm","start"
"Condition","COPD","4928",,"http://hl7.org/fhir/sid/icd-9-cm","start"
"Condition","COPD","4940",,"http://hl7.org/fhir/sid/icd-9-cm","start"
"Condition","COPD","4941",,"http://hl7.org/fhir/sid/icd-9-cm","start"
"Condition","COPD","49120",,"http://hl7.org/fhir/sid/icd-9-cm","start"
"Condition","COPD","49121",,"http://hl7.org/fhir/sid/icd-9-cm","start"
"Condition","COPD","49122",,"http://hl7.org/fhir/sid/icd-9-cm","start"
"Condition","COPD","J42",,"http://hl7.org/fhir/sid/icd-10-cm","exact"
"Condition","COPD","J410",,"http://hl7.org/fhir/sid/icd-10-cm","start"
"Condition","COPD","J411",,"http://hl7.org/fhir/sid/icd-10-cm","start"
"Condition","COPD","J418",,"http://hl7.org/fhir/sid/icd-10-cm","start"
"Condition","COPD","J430",,"http://hl7.org/fhir/sid/icd-10-cm","start"
"Condition","COPD","J431",,"http://hl7.org/fhir/sid/icd-10-cm","start"
"Condition","COPD","J432",,"http://hl7.org/fhir/sid/icd-10-cm","start"
"Condition","COPD","J438",,"http://hl7.org/fhir/sid/icd-10-cm","start"
"Condition","COPD","J439",,"http://hl7.org/fhir/sid/icd-10-cm","start"
"Condition","COPD","J440",,"http://hl7.org/fhir/sid/icd-10-cm","start"
"Condition","COPD","J441",,"http://hl7.org/fhir/sid/icd-10-cm","start"
"Condition","COPD","J449",,"http://hl7.org/fhir/sid/icd-10-cm","start"
"Condition","COPD","J470",,"http://hl7.org/fhir/sid/icd-10-cm","start"
"Condition","COPD","J471",,"http://hl7.org/fhir/sid/icd-10-cm","start"
"Condition","COPD","J479",,"http://hl7.org/fhir/sid/icd-10-cm","start"
"Condition","ASTHMA","49381",,"http://hl7.org/fhir/sid/icd-9-cm","start"
"Condition","ASTHMA","49382",,"http://hl7.org/fhir/sid/icd-9-cm","start"
"Condition","ASTHMA","49390",,"http://hl7.org/fhir/sid/icd-9-cm","start"
"Condition","ASTHMA","49391",,"http://hl7.org/fhir/sid/icd-9-cm","start"
"Condition","ASTHMA","49392",,"http://hl7.org/fhir/sid/icd-9-cm","start"
"Condition","ASTHMA","J4521",,"http://hl7.org/fhir/sid/icd-10-cm","start"
"Condition","ASTHMA","J4522",,"http://hl7.org/fhir/sid/icd-10-cm","start"
"Condition","ASTHMA","J4531",,"http://hl7.org/fhir/sid/icd-10-cm","start"
"Condition","ASTHMA","J4532",,"http://hl7.org/fhir/sid/icd-10-cm","start"
"Condition","ASTHMA","J4541",,"http://hl7.org/fhir/sid/icd-10-cm","start"
"Condition","ASTHMA","J4542",,"http://hl7.org/fhir/sid/icd-10-cm","start"
"Condition","ASTHMA","J4551",,"http://hl7.org/fhir/sid/icd-10-cm","start"
"Condition","ASTHMA","J4552",,"http://hl7.org/fhir/sid/icd-10-cm","start"
"Condition","ASTHMA","J45901",,"http://hl7.org/fhir/sid/icd-10-cm","start"
"Condition","ASTHMA","J45902",,"http://hl7.org/fhir/sid/icd-10-cm","start"
"Condition","ASTHMA","J45990",,"http://hl7.org/fhir/sid/icd-10-cm","start"
"Condition","ASTHMA","J45991",,"http://hl7.org/fhir/sid/icd-10-cm","start"
"Condition","ASTHMA","J45998",,"http://hl7.org/fhir/sid/icd-10-cm","start"
"Condition","DIABETES","2500",,"http://hl7.org/fhir/sid/icd-9-cm","start"
"Condition","DIABETES","2501",,"http://hl7.org/fhir/sid/icd-9-cm","start"
"Condition","DIABETES","2502",,"http://hl7.org/fhir/sid/icd-9-cm","start"
"Condition","DIABETES","2503",,"http://hl7.org/fhir/sid/icd-9-cm","start"
"Condition","DIABETES","2504",,"http://hl7.org/fhir/sid/icd-9-cm","start"
"Condition","DIABETES","2505",,"http://hl7.org/fhir/sid/icd-9-cm","start"
"Condition","DIABETES","2506",,"http://hl7.org/fhir/sid/icd-9-cm","start"
"Condition","DIABETES","2507",,"http://hl7.org/fhir/sid/icd-9-cm","start"
"Condition","DIABETES","2508",,"http://hl7.org/fhir/sid/icd-9-cm","start"
"Condition","DIABETES","2509",,"http://hl7.org/fhir/sid/icd-9-cm","start"
"Condition","DIABETES","79029",,"http://hl7.org/fhir/sid/icd-9-cm","start"
"Condition","DIABETES","E100",,"http://hl7.org/fhir/sid/icd-10-cm","start"
"Condition","DIABETES","E101",,"http://hl7.org/fhir/sid/icd-10-cm","start"
"Condition","DIABETES","E102",,"http://hl7.org/fhir/sid/icd-10-cm","start"
"Condition","DIABETES","E103",,"http://hl7.org/fhir/sid/icd-10-cm","start"
"Condition","DIABETES","E104",,"http://hl7.org/fhir/sid/icd-10-cm","start"
"Condition","DIABETES","E105",,"http://hl7.org/fhir/sid/icd-10-cm","start"
"Condition","DIABETES","E106",,"http://hl7.org/fhir/sid/icd-10-cm","start"
"Condition","DIABETES","E107",,"http://hl7.org/fhir/sid/icd-10-cm","start"
"Condition","DIABETES","E108",,"http://hl7.org/fhir/sid/icd-10-cm","start"
"Condition","DIABETES","E109",,"http://hl7.org/fhir/sid/icd-10-cm","start"
"Condition","DIABETES","E110",,"http://hl7.org/fhir/sid/icd-10-cm","start"
"Condition","DIABETES","E111",,"http://hl7.org/fhir/sid/icd-10-cm","start"
"Condition","DIABETES","E112",,"http://hl7.org/fhir/sid/icd-10-cm","start"
"Condition","DIABETES","E113",,"http://hl7.org/fhir/sid/icd-10-cm","start"
"Condition","DIABETES","E114",,"http://hl7.org/fhir/sid/icd-10-cm","start"
"Condition","DIABETES","E115",,"http://hl7.org/fhir/sid/icd-10-cm","start"
"Condition","DIABETES","E116",,"http://hl7.org/fhir/sid/icd-10-cm","start"
"Condition","DIABETES","E117",,"http://hl7.org/fhir/sid/icd-10-cm","start"
"Condition","DIABETES","E118",,"http://hl7.org/fhir/sid/icd-10-cm","start"
"Condition","DIABETES","E119",,"http://hl7.org/fhir/sid/icd-10-cm","start"
"Condition","DIABETES","E120",,"http://hl7.org/fhir/sid/icd-10-cm","start"
"Condition","DIABETES","E121",,"http://hl7.org/fhir/sid/icd-10-cm","start"
"Condition","DIABETES","E122",,"http://hl7.org/fhir/sid/icd-10-cm","start"
"Condition","DIABETES","E123",,"http://hl7.org/fhir/sid/icd-10-cm","start"
"Condition","DIABETES","E124",,"http://hl7.org/fhir/sid/icd-10-cm","start"
"Condition","DIABETES","E125",,"http://hl7.org/fhir/sid/icd-10-cm","start"
"Condition","DIABETES","E126",,"http://hl7.org/fhir/sid/icd-10-cm","start"
"Condition","DIABETES","E127",,"http://hl7.org/fhir/sid/icd-10-cm","start"
"Condition","DIABETES","E128",,"http://hl7.org/fhir/sid/icd-10-cm","start"
"Condition","DIABETES","E129",,"http://hl7.org/fhir/sid/icd-10-cm","start"
"Condition","DIABETES","E130",,"http://hl7.org/fhir/sid/icd-10-cm","start"
"Condition","DIABETES","E131",,"http://hl7.org/fhir/sid/icd-10-cm","start"
"Condition","DIABETES","E132",,"http://hl7.org/fhir/sid/icd-10-cm","start"
"Condition","DIABETES","E133",,"http://hl7.org/fhir/sid/icd-10-cm","start"
"Condition","DIABETES","E134",,"http://hl7.org/fhir/sid/icd-10-cm","start"
"Condition","DIABETES","E135",,"http://hl7.org/fhir/sid/icd-10-cm","start"
"Condition","DIABETES","E136",,"http://hl7.org/fhir/sid/icd-10-cm","start"
"Condition","DIABETES","E137",,"http://hl7.org/fhir/sid/icd-10-cm","start"
"Condition","DIABETES","E138",,"http://hl7.org/fhir/sid/icd-10-cm","start"
"Condition","DIABETES","E139",,"http://hl7.org/fhir/sid/icd-10-cm","start"
"Condition","DIABETES","E140",,"http://hl7.org/fhir/sid/icd-10-cm","start"
"Condition","DIABETES","E141",,"http://hl7.org/fhir/sid/icd-10-cm","start"
"Condition","DIABETES","E142",,"http://hl7.org/fhir/sid/icd-10-cm","start"
"Condition","DIABETES","E143",,"http://hl7.org/fhir/sid/icd-10-cm","start"
"Condition","DIABETES","E144",,"http://hl7.org/fhir/sid/icd-10-cm","start"
"Condition","DIABETES","E145",,"http://hl7.org/fhir/sid/icd-10-cm","start"
"Condition","DIABETES","E146",,"http://hl7.org/fhir/sid/icd-10-cm","start"
"Condition","DIABETES","E147",,"http://hl7.org/fhir/sid/icd-10-cm","start"
"Condition","DIABETES","E148",,"http://hl7.org/fhir/sid/icd-10-cm","start"
"Condition","DIABETES","E149",,"http://hl7.org/fhir/sid/icd-10-cm","start"
"Condition","PRE_DIABETES","R7303",,"http://hl7.org/fhir/sid/icd-10-cm","start"
"Condition","PRE_DIABETES","R7309",,"http://hl7.org/fhir/sid/icd-10-cm","start"
"Condition","PRE_DIABETES","R739",,"http://hl7.org/fhir/sid/icd-10-cm","start"
"Condition","HYPERTENSION","401",,"http://hl7.org/fhir/sid/icd-9-cm","start"
"Condition","HYPERTENSION","402",,"http://hl7.org/fhir/sid/icd-9-cm","start"
"Condition","HYPERTENSION","403",,"http://hl7.org/fhir/sid/icd-9-cm","start"
"Condition","HYPERTENSION","404",,"http://hl7.org/fhir/sid/icd-9-cm","start"
"Condition","HYPERTENSION","405",,"http://hl7.org/fhir/sid/icd-9-cm","start"
"Condition","HYPERTENSION","I10",,"http://hl7.org/fhir/sid/icd-10-cm","start"
"Condition","HYPERTENSION","I11",,"http://hl7.org/fhir/sid/icd-10-cm","start"
"Condition","HYPERTENSION","I12",,"http://hl7.org/fhir/sid/icd-10-cm","start"
"Condition","HYPERTENSION","I13",,"http://hl7.org/fhir/sid/icd-10-cm","start"
"Condition","HYPERTENSION","I15",,"http://hl7.org/fhir/sid/icd-10-cm","start"
"Condition","CKD","585",,"http://hl7.org/fhir/sid/icd-9-cm","start"
"Condition","CKD","N18",,"http://hl7.org/fhir/sid/icd-10-cm","start"
"Condition","HEART_FAILURE","4280",,"http://hl7.org/fhir/sid/icd-9-cm","start"
"Condition","HEART_FAILURE","4281",,"http://hl7.org/fhir/sid/icd-9-cm","start"
"Condition","HEART_FAILURE","4289",,"http://hl7.org/fhir/sid/icd-9-cm","start"
"Condition","HEART_FAILURE","39891",,"http://hl7.org/fhir/sid/icd-9-cm","start"
"Condition","HEART_FAILURE","40201",,"http://hl7.org/fhir/sid/icd-9-cm","start"
"Condition","HEART_FAILURE","40211",,"http://hl7.org/fhir/sid/icd-9-cm","start"
"Condition","HEART_FAILURE","40291",,"http://hl7.org/fhir/sid/icd-9-cm","start"
"Condition","HEART_FAILURE","40401",,"http://hl7.org/fhir/sid/icd-9-cm","start"
"Condition","HEART_FAILURE","40403",,"http://hl7.org/fhir/sid/icd-9-cm","start"
"Condition","HEART_FAILURE","40411",,"http://hl7.org/fhir/sid/icd-9-cm","start"
"Condition","HEART_FAILURE","40413",,"http://hl7.org/fhir/sid/icd-9-cm","start"
"Condition","HEART_FAILURE","40491",,"http://hl7.org/fhir/sid/icd-9-cm","start"
"Condition","HEART_FAILURE","40493",,"http://hl7.org/fhir/sid/icd-9-cm","start"
"Condition","HEART_FAILURE","42820",,"http://hl7.org/fhir/sid/icd-9-cm","start"
"Condition","HEART_FAILURE","42821",,"http://hl7.org/fhir/sid/icd-9-cm","start"
"Condition","HEART_FAILURE","42822",,"http://hl7.org/fhir/sid/icd-9-cm","start"
"Condition","HEART_FAILURE","42823",,"http://hl7.org/fhir/sid/icd-9-cm","start"
"Condition","HEART_FAILURE","42830",,"http://hl7.org/fhir/sid/icd-9-cm","start"
"Condition","HEART_FAILURE","42831",,"http://hl7.org/fhir/sid/icd-9-cm","start"
"Condition","HEART_FAILURE","42832",,"http://hl7.org/fhir/sid/icd-9-cm","start"
"Condition","HEART_FAILURE","42833",,"http://hl7.org/fhir/sid/icd-9-cm","start"
"Condition","HEART_FAILURE","42840",,"http://hl7.org/fhir/sid/icd-9-cm","start"
"Condition","HEART_FAILURE","42841",,"http://hl7.org/fhir/sid/icd-9-cm","start"
"Condition","HEART_FAILURE","42842",,"http://hl7.org/fhir/sid/icd-9-cm","start"
"Condition","HEART_FAILURE","42843",,"http://hl7.org/fhir/sid/icd-9-cm","start"
"Condition","HEART_FAILURE","I110",,"http://hl7.org/fhir/sid/icd-10-cm","start"
"Condition","HEART_FAILURE","I130",,"http://hl7.org/fhir/sid/icd-10-cm","start"
"Condition","HEART_FAILURE","I501",,"http://hl7.org/fhir/sid/icd-10-cm","start"
"Condition","HEART_FAILURE","I132",,"http://hl7.org/fhir/sid/icd-10-cm","start"
"Condition","HEART_FAILURE","I0981",,"http://hl7.org/fhir/sid/icd-10-cm","start"
"Condition","HEART_FAILURE","I5041",,"http://hl7.org/fhir/sid/icd-10-cm","start"
"Condition","HEART_FAILURE","I5042",,"http://hl7.org/fhir/sid/icd-10-cm","start"
"Condition","HEART_FAILURE","I5043",,"http://hl7.org/fhir/sid/icd-10-cm","start"
"Condition","HEART_FAILURE","I5020",,"http://hl7.org/fhir/sid/icd-10-cm","start"
"Condition","HEART_FAILURE","I5021",,"http://hl7.org/fhir/sid/icd-10-cm","start"
"Condition","HEART_FAILURE","I5022",,"http://hl7.org/fhir/sid/icd-10-cm","start"
"Condition","HEART_FAILURE","I5023",,"http://hl7.org/fhir/sid/icd-10-cm","start"
"Condition","HEART_FAILURE","I5030",,"http://hl7.org/fhir/sid/icd-10-cm","start"
"Condition","HEART_FAILURE","I5031",,"http://hl7.org/fhir/sid/icd-10-cm","start"
"Condition","HEART_FAILURE","I5032",,"http://hl7.org/fhir/sid/icd-10-cm","start"
"Condition","HEART_FAILURE","I5033",,"http://hl7.org/fhir/sid/icd-10-cm","start"
"Condition","HEART_FAILURE","I5082",,"http://hl7.org/fhir/sid/icd-10-cm","start"
"Condition","HEART_FAILURE","I5083",,"http://hl7.org/fhir/sid/icd-10-cm","start"
"Condition","HEART_FAILURE","I5084",,"http://hl7.org/fhir/sid/icd-10-cm","start"
"Condition","HEART_FAILURE","I5040",,"http://hl7.org/fhir/sid/icd-10-cm","start"
"Condition","HEART_FAILURE","I5089",,"http://hl7.org/fhir/sid/icd-10-cm","start"
"Condition","HEART_FAILURE","I50810",,"http://hl7.org/fhir/sid/icd-10-cm","start"
"Condition","HEART_FAILURE","I50811",,"http://hl7.org/fhir/sid/icd-10-cm","start"
"Condition","HEART_FAILURE","I50812",,"http://hl7.org/fhir/sid/icd-10-cm","start"
"Condition","HEART_FAILURE","I50813",,"http://hl7.org/fhir/sid/icd-10-cm","start"
"Condition","HEART_FAILURE","I50814",,"http://hl7.org/fhir/sid/icd-10-cm","start"
"Condition","AKI","N17",,"http://hl7.org/fhir/sid/icd-10-cm","start"
"Condition","AKI","584",,"http://hl7.org/fhir/sid/icd-9-cm","start"
"Observation","AKI_CREATININE","59826-8","Creatinine [Moles/volume] in Blood","http://loinc.org","exact"
"Observation","AKI_CREATININE","2160-0","Creatinine [Mass/volume] in Serum or Plasma","http://loinc.org","exact"
"Observation","AKI_CREATININE","35203-9","Creatinine [Mass or Moles/volume] in Serum or Plasma","http://loinc.org","exact"
"Observation","AKI_CREATININE","21232-4","Creatinine [Mass/volume] in Arterial blood","http://loinc.org","exact"
"Observation","AKI_CREATININE","96590-5","Creatinine [Mass/volume] in DBS","http://loinc.org","exact"
"Observation","AKI_CREATININE","38483-4","Creatinine [Mass/volume] in Blood","http://loinc.org","exact"
"Observation","AKI_CREATININE","77140-2","Creatinine [Moles/volume] in Serum, Plasma or Blood","http://loinc.org","exact"
"Observation","AKI_CREATININE","14682-9","Creatinine [Moles/volume] in Serum or Plasma","http://loinc.org","exact"
"Observation","BUN","225624","BUN","https://g.co/fhir/mimic4/ditems-itemid","exact"
"Observation","BUN","59570-2","Urea nitrogen [Moles/volume] in Blood","http://loinc.org","exact"
"Observation","BUN","35234-4","Urea nitrogen [Mass or Moles/volume] in Serum or Plasma","http://loinc.org","exact"
"Observation","BUN","12962-7","Urea nitrogen [Mass/volume] in Venous blood","http://loinc.org","exact"
"Observation","BUN","12964-3","Urea nitrogen [Mass/volume] in Blood --baseline","http://loinc.org","exact"
"Observation","BUN","3094-0","Urea nitrogen [Mass/volume] in Serum or Plasma","http://loinc.org","exact"
"Observation","BUN","12961-9","Urea nitrogen [Mass/volume] in Arterial blood","http://loinc.org","exact"
"Observation","BUN","12963-5","Urea nitrogen [Mass/volume] in Peripheral blood","http://loinc.org","exact"
"Observation","BUN","14937-7","Urea nitrogen [Moles/volume] in Serum or Plasma","http://loinc.org","exact"
"Observation","BUN","6299-2","Urea nitrogen [Mass/volume] in Blood","http://loinc.org","exact"
"Observation","CALCIUM","49765-1","Calcium [Mass/volume] in Blood","http://loinc.org","exact"
"Observation","CALCIUM","42593-4","Calcium [Moles/volume] in Capillary blood","http://loinc.org","exact"
"Observation","CALCIUM","35246-8","Calcium [Mass or Moles/volume] in Serum or Plasma","http://loinc.org","exact"
"Observation","CALCIUM","17861-6","Calcium [Mass/volume] in Serum or Plasma","http://loinc.org","exact"
"Observation","CALCIUM","42857-3","Calcium [Moles/volume] in Venous blood","http://loinc.org","exact"
"Observation","CALCIUM","2000-8","Calcium [Moles/volume] in Serum or Plasma","http://loinc.org","exact"
"Observation","CALCIUM","1996-8","Calcium [Moles/volume] in Blood","http://loinc.org","exact"
"Observation","URINE_CREATININE","14683-7","Creatinine [Moles/volume] in Urine","http://loinc.org","exact"
"Observation","URINE_CREATININE","30002-0","Creatinine [Moles/volume] in Urine by Test strip","http://loinc.org","exact"
"Observation","URINE_CREATININE","2161-8","Creatinine [Mass/volume] in Urine","http://loinc.org","exact"
"Observation","URINE_CREATININE","35204-7","Creatinine [Mass or Moles/volume] in Urine","http://loinc.org","exact"
"Observation","URINE_CREATININE","30004-6","Creatinine [Mass/volume] in Urine by Test strip","http://loinc.org","exact"
"Observation","PHOSPHORUS","24519-1","Phosphate [Moles/volume] in Blood","http://loinc.org","exact"
"Observation","PHOSPHORUS","2777-1","Phosphate [Mass/volume] in Serum or Plasma","http://loinc.org","exact"
"Observation","PHOSPHORUS","35221-1","Phosphate [Mass or Moles/volume] in Serum or Plasma","http://loinc.org","exact"
"Observation","PHOSPHORUS","20941-1","Deprecated Phosphate [Mass/volume] in Serum or Plasma","http://loinc.org","exact"
"Observation","PHOSPHORUS","2774-8","Phosphate [Mass/volume] in Blood","http://loinc.org","exact"
"Observation","PHOSPHORUS","14879-1","Phosphate [Moles/volume] in Serum or Plasma","http://loinc.org","exact"
"Observation","URINE_PROTEIN","53525-2","Protein [Presence] in Urine by SSA method","http://loinc.org","exact"
"Observation","URINE_PROTEIN","50561-0","Protein [Mass/volume] in Urine by Automated test strip","http://loinc.org","exact"
"Observation","URINE_PROTEIN","27298-9","Protein [Units/volume] in Urine","http://loinc.org","exact"
"Observation","URINE_PROTEIN","2887-8","Protein [Presence] in Urine","http://loinc.org","exact"
"Observation","URINE_PROTEIN","2888-6","Protein [Mass/volume] in Urine","http://loinc.org","exact"
"Observation","URINE_PROTEIN","20454-5","Protein [Presence] in Urine by Test strip","http://loinc.org","exact"
"Observation","URINE_PROTEIN","57735-3","Protein [Presence] in Urine by Automated test strip","http://loinc.org","exact"
"Observation","URINE_PROTEIN","26034-9","Deprecated Protein [Mass/volume] in Urine","http://loinc.org","exact"
"Observation","URINE_PROTEIN","5804-0","Protein [Mass/volume] in Urine by Test strip","http://loinc.org","exact"
"Observation","URINE_SODIUM","2955-3","Sodium [Moles/volume] in Urine","http://loinc.org","exact"
"Observation","HEMATOCRIT","71830-4","Hematocrit [Pure volume fraction] of Mixed venous blood","http://loinc.org","exact"
"Observation","HEMATOCRIT","20570-8","Hematocrit [Volume Fraction] of Blood","http://loinc.org","exact"
"Observation","HEMATOCRIT","41655-2","Hematocrit [Volume Fraction] of Mixed venous blood","http://loinc.org","exact"
"Observation","HEMATOCRIT","71831-2","Hematocrit [Pure volume fraction] of Capillary blood","http://loinc.org","exact"
"Observation","HEMATOCRIT","31100-1","Hematocrit [Volume Fraction] of Blood by Impedance","http://loinc.org","exact"
"Observation","HEMATOCRIT","71832-0","Hematocrit [Pure volume fraction] of Arterial blood","http://loinc.org","exact"
"Observation","HEMATOCRIT","4545-0","Hematocrit [Volume Fraction] of Blood by Centrifugation","http://loinc.org","exact"
"Observation","HEMATOCRIT","71829-6","Hematocrit [Pure volume fraction] of Venous blood","http://loinc.org","exact"
"Observation","HEMATOCRIT","32354-3","Hematocrit [Volume Fraction] of Arterial blood","http://loinc.org","exact"
"Observation","HEMATOCRIT","42908-4","Hematocrit [Volume Fraction] of Capillary blood","http://loinc.org","exact"
"Observation","HEMATOCRIT","48703-3","Hematocrit [Volume Fraction] of Blood by Estimated","http://loinc.org","exact"
"Observation","HEMATOCRIT","41654-5","Hematocrit [Volume Fraction] of Venous blood","http://loinc.org","exact"
"Observation","HEMATOCRIT","71833-8","Hematocrit [Pure volume fraction] of Blood by Automated count","http://loinc.org","exact"
"Observation","HEMATOCRIT","4544-3","Hematocrit [Volume Fraction] of Blood by Automated count","http://loinc.org","exact"
"Observation","HEMOGLOBIN","35183-3","Hemoglobin [Mass or Moles/volume] in Plasma","http://loinc.org","exact"
"Observation","HEMOGLOBIN","30313-1","Hemoglobin [Mass/volume] in Arterial blood","http://loinc.org","exact"
"Observation","HEMOGLOBIN","718-7","Hemoglobin [Mass/volume] in Blood","http://loinc.org","exact"
"Observation","HEMOGLOBIN","48725-6","Hemoglobin [Mass/volume] in Blood --pre therapeutic phlebotomy","http://loinc.org","exact"
"Observation","HEMOGLOBIN","42243-6","Deprecated Hemoglobin [Mass/volume] in Blood","http://loinc.org","exact"
"Observation","HEMOGLOBIN","30351-1","Hemoglobin [Mass/volume] in Mixed venous blood","http://loinc.org","exact"
"Observation","HEMOGLOBIN","75928-2","Hemoglobin [Moles/volume] in Arterial blood","http://loinc.org","exact"
"Observation","HEMOGLOBIN","93846-4","Hemoglobin [Moles/volume] in Venous blood","http://loinc.org","exact"
"Observation","HEMOGLOBIN","30350-3","Hemoglobin [Mass/volume] in Venous blood","http://loinc.org","exact"
"Observation","HEMOGLOBIN","30352-9","Hemoglobin [Mass/volume] in Capillary blood","http://loinc.org","exact"
"Observation","HEMOGLOBIN","59260-0","Hemoglobin [Moles/volume] in Blood","http://loinc.org","exact"
"Observation","PLATELETS","49497-1","Platelets [#/volume] in Blood by Estimate","http://loinc.org","exact"
"Observation","PLATELETS","5907-1","Deprecated Platelets [#/volume] in Blood by Automated count","http://loinc.org","exact"
"Observation","PLATELETS","778-1","Platelets [#/volume] in Blood by Manual count","http://loinc.org","exact"
"Observation","PLATELETS","74464-9","Platelets [#/volume] in Capillary blood by Manual count","http://loinc.org","exact"
"Observation","PLATELETS","79427-1","Platelets [#/area] in Blood by Microscopy high power field","http://loinc.org","exact"
"Observation","PLATELETS","13056-7","Platelets [#/volume] in Plasma by Automated count","http://loinc.org","exact"
"Observation","PLATELETS","97995-5","Platelets [#/volume] in Blood by Automated count.optical","http://loinc.org","exact"
"Observation","PLATELETS","26516-5","Platelets [#/volume] in Plasma","http://loinc.org","exact"
"Observation","PLATELETS","777-3","Platelets [#/volume] in Blood by Automated count","http://loinc.org","exact"
"Observation","PLATELETS","26515-7","Platelets [#/volume] in Blood","http://loinc.org","exact"
"Observation","LEUKOCYTES","92635-2","Leukocytes [#/volume] in Buffy Coat","http://loinc.org","exact"
"Observation","LEUKOCYTES","804-5","Leukocytes [#/volume] in Blood by Manual count","http://loinc.org","exact"
"Observation","LEUKOCYTES","6690-2","Leukocytes [#/volume] in Blood by Automated count","http://loinc.org","exact"
"Observation","LEUKOCYTES","49498-9","Leukocytes [#/volume] in Blood by Estimate","http://loinc.org","exact"
"Observation","LEUKOCYTES","26464-8","Leukocytes [#/volume] in Blood","http://loinc.org","exact"
"Procedure","DIALYSIS","Z992","Dependence on renal dialysis","http://www.icd10data.com/icd10pcs","exact"
"Procedure","DIALYSIS","Z49","Encounter for care involving renal dialysis","http://www.icd10data.com/icd10pcs","start"
"Procedure","DIALYSIS","3995","Hemodialysis","http://hl7.org/fhir/sid/icd-9-cm/procedure","exact"
"Procedure","DIALYSIS","3895","Venous catheterization for renal dialysis","http://hl7.org/fhir/sid/icd-9-cm/procedure","exact"
"Procedure","DIALYSIS","5498","Peritoneal dialysis","http://hl7.org/fhir/sid/icd-9-cm/procedure","exact"
"Procedure","DIALYSIS","3927","Arteriovenostomy for renal dialysis","http://hl7.org/fhir/sid/icd-9-cm/procedure","exact"
"Procedure","DIALYSIS","90945","Dialysis","http://www.ama-assn.org/go/cpt","exact"
"Procedure","DIALYSIS","G0257","Dialysis","http://www.ama-assn.org/go/cpt","exact"
"Medication","Diuretic","283316","Telmisartan-Hydrochlorothiazide","http://www.nlm.nih.gov/research/umls/rxnorm","exact"
"Medication","Diuretic","197886","lisinopril-hydrochlorothiazide","http://www.nlm.nih.gov/research/umls/rxnorm","exact"
"Medication","Diuretic","198316","Triamterene-Hydrochlorothiazide","http://www.nlm.nih.gov/research/umls/rxnorm","exact"
"Medication","Diuretic","197816","indapamide","http://www.nlm.nih.gov/research/umls/rxnorm","exact"
"Medication","Diuretic","198316","Triamterene-Hydrochlorothiazide (37.5/25)","http://www.nlm.nih.gov/research/umls/rxnorm","exact"
"Medication","Diuretic","283317","Telmisartan-Hydrochlorothiazid","http://www.nlm.nih.gov/research/umls/rxnorm","exact"
"Medication","Diuretic","977883","amiloride-hydrochlorothiazide","http://www.nlm.nih.gov/research/umls/rxnorm","exact"
"Medication","Diuretic","199903","hydroCHLOROthiazide","http://www.nlm.nih.gov/research/umls/rxnorm","exact"
"Medication","Diuretic","198314","triamterene-hydrochlorothiazid","http://www.nlm.nih.gov/research/umls/rxnorm","exact"
"Medication","Diuretic","310798","HydroCHLOROthiazide Oral Susp","http://www.nlm.nih.gov/research/umls/rxnorm","exact"
"Medication","Diuretic","198225","Aldactazide(Hydrochlorothiazide 25 mg / spironolactone 25 mg)","http://www.nlm.nih.gov/research/umls/rxnorm","exact"
"Medication","Diuretic","283316","telmisartan-hydrochlorothiazide","http://www.nlm.nih.gov/research/umls/rxnorm","exact"
"Medication","Diuretic","199903","Hydrochlorothiazide","http://www.nlm.nih.gov/research/umls/rxnorm","exact"
"Medication","Diuretic","198314","Triamterene-Hydrochlorothiazid","http://www.nlm.nih.gov/research/umls/rxnorm","exact"
"Medication","Diuretic","1299890","moexipril-hydrochlorothiazide","http://www.nlm.nih.gov/research/umls/rxnorm","exact"
"Medication","Diuretic","197499","Chlorthalidone","http://www.nlm.nih.gov/research/umls/rxnorm","exact"
"Medication","Diuretic","898367","benazepril-hydrochlorothiazide","http://www.nlm.nih.gov/research/umls/rxnorm","exact"
"Medication","Diuretic","200284","Diovan- HCTZ(Valsartan-hydrochlorothiazide)","http://www.nlm.nih.gov/research/umls/rxnorm","exact"
"Medication","Diuretic","854908","bisoprolol-hydrochlorothiazide","http://www.nlm.nih.gov/research/umls/rxnorm","exact"
"Medication","Diuretic","857174","fosinopril-hydrochlorothiazide","http://www.nlm.nih.gov/research/umls/rxnorm","exact"
"Medication","Diuretic","197816","Indapamide","http://www.nlm.nih.gov/research/umls/rxnorm","exact"
"Medication","Diuretic","197499","chlorthalidone","http://www.nlm.nih.gov/research/umls/rxnorm","exact"